<?xml version="1.0" encoding="UTF-8"?>
<project-private xmlns="http://www.netbeans.org/ns/project-private/1">
    <editor-bookmarks xmlns="http://www.netbeans.org/ns/editor-bookmarks/2" lastBookmarkId="0"/>
    <open-files xmlns="http://www.netbeans.org/ns/projectui-open-files/2">
        <group>
            <file>file:/Users/matheesan/NetBeansProjects/sample/src/sample/Robot.java</file>
            <file>file:/Users/matheesan/NetBeansProjects/sample/src/sample/User.java</file>
            <file>file:/Users/matheesan/NetBeansProjects/sample/src/sample/AssemblyRobot.java</file>
            <file>file:/Users/matheesan/NetBeansProjects/sample/src/sample/WorkOP.java</file>
            <file>file:/Users/matheesan/NetBeansProjects/sample/src/sample/ProcessEngineer.java</file>
            <file>file:/Users/matheesan/NetBeansProjects/sample/src/sample/login.java</file>
            <file>file:/Users/matheesan/NetBeansProjects/sample/src/sample/DBConnector.java</file>
            <file>file:/Users/matheesan/NetBeansProjects/sample/src/sample/Alarm.java</file>
            <file>file:/Users/matheesan/NetBeansProjects/sample/src/sample/MovingRobot.java</file>
            <file>file:/Users/matheesan/NetBeansProjects/sample/src/sample/Workstation.java</file>
            <file>file:/Users/matheesan/NetBeansProjects/sample/src/sample/Main.java</file>
            <file>file:/Users/matheesan/NetBeansProjects/sample/src/sample/ProductManager.java</file>
        </group>
    </open-files>
</project-private>
